APPID,Final PS Rating
b7478434-bbc6-43fb-8505-a68a00f5567a,Recommend
1190bf00-e2d4-46a6-89cb-a58d0110ef28,Recommend with Reservations
79597a76-2350-45b4-8549-a68e00e01198,Recommend with Confidence
8d898b0a-b306-4ede-b45c-a68c004a0988,Recommend
d0f658b6-99a7-46bd-b14f-a697000991e5,Recommend
77e61f2a-94b9-47f3-b928-a44200e83acc,Highly Recommend
4b9ca54c-4ba7-449a-80fc-a68500fcbc7d,Recommend with Confidence
b9f2a588-22a7-4775-9843-a67401137bb6,Highly Recommend
dff516b0-d16a-46f5-9e75-a68a00664e64,Recommend with Reservations
44faed6a-f578-4d2f-87fd-a2de01053691,Recommend with Confidence
30e6ef98-f434-4217-99dc-a68000cb0ba3,Recommend with Reservations
a245debb-e33e-4313-95f3-a4a6010ddd66,Recommend
81a6ae4e-032e-4f28-aa40-a4210071f692,Recommend with Reservations
d8c6f13c-c77f-4732-84c2-a69900da150e,Recommend with Reservations
1fcaf056-8514-494f-944a-a21a00ef5320,Recommend with Confidence
eeeebfa8-3a2a-47fe-8642-a1d20108d1f6,Recommend
cab7aa7a-46db-49bd-99a9-a67d0174f099,Recommend with Confidence
8354d0de-1c8a-445c-8ee1-a684010bc17f,Recommend with Reservations
4b0171cd-3994-4294-a3d6-a5ad002fb0d7,Highly Recommend
b0761961-ba7a-4771-b3ef-a0c801300f98,Recommend
da71ecbb-0c89-430e-ad68-a67a0186a15c,Recommend
75c34887-b4d7-4144-a265-a5cd00e1a794,Recommend
3185b1fe-9afa-4461-9f92-a67a01429a92,Recommend with Confidence
91e02144-9c7a-443e-a87e-a68e0001e1a4,Recommend
3e03e42f-c6ff-498b-a65d-a66a008fe294,Recommend with Confidence
6c1bc8f5-66ae-48bf-98f8-a56000e1633f,Recommend with Confidence
2a1eeb05-6186-475e-8861-a68e00c50a3d,Highly Recommend
3e44e201-382e-40f1-bdf1-a67200b3fbc3,Recommend
772988ec-c624-48b7-bd63-a61100e6dc2f,Recommend with Reservations
9f5e6851-ee3d-42a8-82ad-a67200e938ca,Recommend with Confidence
3bfd510e-a4af-48cc-9221-a687011da428,Recommend
f0394032-d981-4b41-8014-a62000bc55a9,Recommend with Confidence
b872a9e1-572e-4b66-a8bd-a6800162fbd8,Recommend
9fc1292e-cdcd-4bee-8fa0-a65c01078926,Recommend
55f7d740-abcc-4183-bb07-a59500a54ed7,Recommend with Reservations
4ab46456-6ca6-4d56-9ebd-a23100f26a13,Recommend with Confidence
b9578cee-d8f7-4b5b-9cfc-a5fc00e8fe82,Recommend with Reservations
e24b9394-3658-476b-ba60-a68100e6ea37,Recommend
30e8bc5a-4860-40b8-9531-a67900b4e194,Highly Recommend
c96c11b2-f679-4d08-bdc2-a2ba0094d063,Recommend with Reservations
b9dbd9ca-e68a-474b-a3b3-a69b00f8bc7d,Screen Out
1fd2f435-5969-4d8a-aff6-a64800cd2bf7,Recommend with Confidence
510a3189-e7d7-49dd-8af2-a69e0029d2d2,Recommend with Confidence
13f30fe9-eac5-466e-9d64-a62c00e4a82b,Recommend with Reservations
f0555008-b750-4f3a-bc80-a67e013d8f76,Highly Recommend
f8f877e3-2f23-4912-9118-a66e0134f7b0,Recommend with Reservations
12b6d050-68d4-4dec-9b22-a51800ea6ca2,Recommend with Confidence
72aec44f-8418-4cbf-8583-a680010b28ce,Recommend
8b8ba3f7-619e-4c76-97d3-a6790094c4dd,Recommend with Reservations
7071d216-0c94-4690-aa5c-a58400cc3992,Recommend
752287ac-30c8-483b-b0d3-a5e700bcc682,Highly Recommend
383321eb-02d2-4aab-9ece-a43d014348d0,Recommend
48119678-26ae-448f-8bfd-a5920150b67a,Recommend
300d3b4b-a247-4aa8-b10c-a679012a893b,Recommend with Confidence
8fc688f9-4911-4e91-b253-a50e00a4ce76,Recommend with Reservations
dd475d28-cdb2-44f8-a8a3-a2de00ccecca,Screen Out
88c0159c-6596-4417-a40c-a6850107a45d,Recommend with Reservations
99073851-f4ea-4343-86b2-a6880165bcf6,Recommend with Confidence
c5968377-0226-4d79-9604-a676014b2ae6,Recommend with Confidence
191ac663-9ff3-46d3-b573-a69800cfc718,Recommend with Reservations
b630059f-4a38-4e00-baa7-a6950125c081,Recommend
6b3d52aa-03dd-4cf9-bf9b-a643009dc4c4,Highly Recommend
ce8c9a2f-fe5d-408d-8da6-a6a10166cef2,Recommend with Reservations
efccd6db-afc5-4ba7-a976-a5f400d87bf5,Recommend
75b5b401-09ef-44ed-9e6b-a61a012a72b0,Screen Out
7405d522-65de-42dd-b9db-a685014d4c3c,Recommend with Reservations
44a4829c-9429-439a-9482-a3fe0006af79,Recommend with Reservations
de475c39-1d5e-462c-a751-a68600f037af,Recommend with Reservations
643697a0-408f-4785-a206-a46b00d70675,Screen Out
a152d1a4-f0e3-4f31-8231-a2a200b8da89,Recommend with Reservations
094383d3-ad09-4e7e-929f-a69701676449,Recommend
4da16698-21da-4206-a6f8-a678017b36fa,Recommend with Reservations
8a655917-b6a2-4322-a1da-a688007baa48,Highly Recommend
49b95e61-d120-40d1-81dd-a63f00f46c9c,Screen Out
3999c2cc-d7ae-45b4-b45b-a25f01497ce7,Recommend with Reservations
83a19b66-4b42-431d-af5c-a46d00d44d8f,Highly Recommend
7f4d4cdc-0d38-4e12-ace0-a65701649c16,Highly Recommend
4fd0efdd-b055-47ee-9409-a5fe017e574a,Recommend
67a585a1-1b2c-4f4f-8d57-a42e0168c1bc,Recommend with Reservations
6de89953-7e7c-4bcd-bc5b-a67b01413639,Recommend
e5853a76-369c-4c28-88b3-a3d300972533,Recommend with Reservations
1d40a698-3d32-488f-b7bf-a66b009c4f2b,Recommend
749f442e-2af6-44fb-a269-a21d00e15edb,Recommend
80133d90-5624-47a8-abc1-a68a011a5f22,Recommend with Reservations
98a6d23b-ea98-4c9d-84de-a13f015877e3,Screen Out
39eec6e8-3332-47e3-bcec-a64400b62e0a,Highly Recommend
6497a23c-6979-4fc8-b0ee-a67f015f8b35,Recommend with Confidence
241edd9c-e1f4-4e14-beeb-a6570162c43b,Highly Recommend
e6f57604-6d76-4414-b7b8-a6800064f02a,Recommend with Confidence
4d4f7a38-f109-4c14-ad3a-a0ec014a428a,Recommend
ea03493b-c3dd-4fa1-8f16-a63c01030240,Recommend with Reservations
3e7c271c-d7ec-4445-b3bf-a67e00cfcbdb,Recommend with Reservations
5cc355a8-6ef0-4af4-be13-a5d900df0062,Highly Recommend
96b60742-55bd-4a13-85be-a6560010d52d,Recommend with Reservations
f708cca0-cd55-4e80-b696-a5bb00db7464,Highly Recommend
00dac181-c2ad-4420-b0a7-a64900a906b1,Recommend with Reservations
0517a9f4-ad17-44bf-bcf5-a26c010ec229,Recommend with Reservations
591139a5-1f7b-42e0-86cf-a652013fc966,Recommend with Confidence
8b388b84-21c8-4b8c-87d6-a68300bab64e,Recommend with Confidence
50444c86-45ae-4e54-af2a-a68c00f8ca81,Recommend with Confidence
cd47a2b8-9bfd-4402-bee5-a66f00f23c4d,Highly Recommend
289a2abb-5d8e-4f2b-ba23-a69d00b0cb23,Recommend
3c04fb86-f0f4-4bc7-9272-a68a01435001,Highly Recommend
d83ee7ef-c5cd-46da-be0f-a67100a953cf,Recommend with Confidence
50bbc026-9720-4b47-b825-a69b00b8abfc,Recommend with Reservations
0378ab7d-bb1a-4342-812e-a68e0157ed67,Highly Recommend
54fd719f-a4b2-4eb8-b4ab-a5fa014b7768,Highly Recommend
4d983842-00d2-4bca-9e8e-a674012e49ef,Highly Recommend
07a9e300-75da-4916-aada-a65800c55a4f,Highly Recommend
617c1d92-a145-48c7-81a9-a691011962ba,Recommend with Reservations
84f250b0-470a-4421-94f6-a66a0121c1a0,Recommend
5f6e53b0-5a76-42b7-9529-a62000c3ea82,Highly Recommend
c28bbcac-efda-4dc9-a666-a674013fffe5,Screen Out
21e6d688-f6a3-4c30-ab74-a67800af57ae,Highly Recommend
3a27cfaf-054e-445c-ad34-a65d012507ca,Highly Recommend
9548ae9c-b760-4dcc-a27a-a522012a84b0,Recommend
5ef9c9e9-81ca-4251-b346-a68e00e1089d,Recommend
7fd84c81-3286-4f29-8a13-a6860111633b,Recommend with Reservations
09bc6df7-bbb2-45fb-8530-a4ba00ba10f2,Recommend with Reservations
435c3b19-e376-41c9-8967-a65c01172319,Recommend
dc978f2c-5a6d-4297-bb16-a68b00e0e159,Recommend
c1ba9bec-aee0-425c-a125-a681009ca8f2,Screen Out
e3630bef-53b3-4cbc-ae35-a6280111b6da,Recommend
76eb43f9-1938-4be8-ba31-a68600b68ca7,Screen Out
32504f9a-6c7f-4a4b-b6f1-a649002c44bd,Highly Recommend
1b371b09-d35e-4216-9750-a417008c20d1,Recommend with Confidence
ec541461-6ddc-463b-898e-a67f010919c9,Recommend
69ed4a4d-2f4d-4593-a4b9-a65800f243a0,Recommend
51325c68-bac4-4fcf-b4c2-a69100fe16ce,Recommend with Confidence
f074c24a-6cb8-464f-b5d0-a61c014aeb9a,Recommend with Reservations
2f045d3f-412f-435f-b488-a41d014d648e,Recommend
7091722c-3eea-402b-b1f2-a26100b42eba,Recommend with Reservations
fd51934d-847a-4a9a-a2dd-a5f4017220fe,Recommend with Reservations
de6c073e-9f15-44f0-aafe-a67d00f22b65,Recommend with Reservations
eee5081c-9216-4c6e-86b4-a612012f497a,Recommend
08a787b8-6223-4dfd-80d1-a66700e14301,Highly Recommend
f22a064b-fedc-4a2b-967a-a68600c9ff23,Recommend
644c935f-10ec-4509-9b3e-a6970031cee0,Recommend
cb67850d-6671-4e26-bd10-a69d012f90ea,Screen Out
cde3ec93-2c5f-45c7-bbaf-a64e0102ff46,Highly Recommend
caccfd72-59aa-4210-9860-a5180168c5b6,Highly Recommend
d158d559-4744-4dfa-a132-a5c100ea7cde,Recommend
add5552c-9d91-42ad-bf15-a6800098629e,Recommend with Confidence
473ebc50-969a-4ab7-b854-a6010186067d,Recommend
f4eee5fc-b3e3-4a0f-8689-a69e00dba07a,Recommend with Confidence
799a69be-7caf-4a7b-b323-a68000edc6b5,Recommend with Confidence
abaf0a9a-d65d-4fcc-baae-a671012b169c,Recommend
9d111d00-0534-4dd4-98bb-a2e500a4bbc5,Recommend
efaf528a-83e0-48ed-b7ad-a45d00eab850,Recommend with Reservations
16cd90b4-8d0f-4e99-8a9b-a66f0115e2fc,Recommend
62c5d3f1-bc79-44f7-b1d2-a690013159f7,Recommend with Reservations
722c8bb6-91f8-43a0-90c5-a54800ff3ee5,Recommend with Reservations
8fda2ad3-b708-4b74-8077-a67900b0b5d1,Recommend with Confidence
8356a25f-7eb8-4efc-8d61-a1ee0012daee,Recommend with Confidence
be51eec3-31ca-4bfe-8bb1-a3ca00f8cca2,Recommend with Reservations
21535e65-e33b-4fd8-9b1d-a5d3011d6c87,Recommend with Confidence
3d0f0dda-f624-4836-9939-a67400e6063c,Recommend with Reservations
69f5e4d3-f3cc-43cb-b22c-a67a00c25a53,Recommend with Confidence
68955045-44da-4f9e-852a-a65a012c9969,Recommend
b8ab1cdb-7fdf-47d1-8783-a64d013119e3,Recommend with Confidence
1a38f680-9057-4bc8-a878-a68900de7060,Recommend
6742089f-670f-4f65-966e-a6160093ad81,Highly Recommend
a776269c-4e4d-49f3-acbe-a68000eb2955,Recommend
8a624787-e5d3-4af2-b4dc-a68d00efc364,Recommend with Reservations
9c23e480-6de2-4ad5-8fa9-a68c00fdc79b,Recommend
3ca7b3c9-908d-4029-a6fc-a5b701108f41,Recommend with Confidence
70c683ac-1c9a-4403-a70d-a68400b21943,Highly Recommend
e9d09caf-c72a-4a7e-ab0f-a69b01003ec9,Recommend
40ff8d03-b46b-4976-9934-a5d0008f2e0f,Highly Recommend
ad6826a6-aa70-4f72-b43f-a66f00f52945,Highly Recommend
667889e1-f544-4a04-b848-a67401517f3d,Recommend
91b3c323-7dcf-4595-8054-a68a00a5a80a,Recommend with Confidence
63055930-8a59-441d-8b4d-a687011ed2de,Recommend with Confidence
269b0640-06d2-45a0-82ad-a67d011fcaee,Recommend with Confidence
df3a170e-4a47-47bb-8c95-a6990124efe4,Recommend
4806664b-a6fc-4b29-a24f-a6970126de8b,Highly Recommend
71f49484-a34d-4c58-aefa-a2c7017c596e,Recommend with Reservations
9408a485-81b6-48a6-8987-a67400166033,Recommend with Confidence
2e1be17f-ef92-4bef-b504-a3e200ac54c2,Recommend with Reservations
f1528c1f-50f6-4e53-a422-a5c000ccb9b7,Recommend with Reservations
326ef048-cb6b-424b-87dc-a67100f38167,Recommend
53e44bfe-91b4-4f34-b8f1-a69200e7272f,Recommend
52e1a33b-c868-4947-8dc2-a679015ebea6,Highly Recommend
9fda16c6-aafc-4330-9563-a6030085a485,Recommend
d89014d8-5701-44e7-98e6-a24400eb9be4,Recommend with Reservations
f6b882e9-25dc-4bee-b70e-a671010d9fdd,Recommend with Confidence
e806eae9-e636-4f9c-a160-a65c00f88b6a,Recommend with Reservations
b7b6aa43-e64f-4082-913a-a0ec00bf4b6b,Recommend with Confidence
20090898-027b-42fc-a574-a0e9011876df,Highly Recommend
58487897-ed46-4227-bf02-a6780165e349,Recommend
ca012572-90e3-49aa-bfd7-a5cc010d366b,Recommend with Reservations
79cac862-87ef-45db-bc80-a6140144f8f0,Recommend with Reservations
7928dafe-f261-4516-b261-a68c01548475,Highly Recommend
894c970f-2757-42f5-a7d2-a685011bbe3a,Recommend
1743da5d-a5a6-4a48-b005-a4c900da9fc1,Recommend
40dd7bc8-c35e-45f7-ae39-a6900175e518,Recommend
5497bfc3-d680-4bd3-9d20-a13a00caa293,Highly Recommend
f0305ea2-442e-4db9-a85a-a52800cea796,Recommend with Reservations
6d027351-5b6d-4200-b487-a23700e0f62d,Recommend
a7674db5-ef6c-4b92-9f0a-a5770101c27f,Recommend
29e5bf88-04d4-42e5-ab94-a69c013b1326,Recommend
0692e668-de2d-465a-be27-a61900e1184c,Recommend with Reservations
10d858ad-c3cf-46bb-b9d5-a6940105c609,Recommend
ea4e9962-5b41-4be3-8e26-a68101250887,Recommend with Confidence
5cb4cc66-f998-4a13-8c97-a472010e80bf,Recommend with Confidence
3acc5595-4cdb-4a07-9e28-a43b015217aa,Recommend with Reservations
922a0d50-676e-46c8-8691-a43f000dab45,Highly Recommend
885f5144-45b6-44ff-aaca-a54600c76958,Highly Recommend
51cd5819-47d2-4536-9afa-a68000ebd651,Highly Recommend
d068889a-d9fb-4538-94ee-a682011a81de,Recommend with Confidence
a34a0a31-925e-4a66-86f0-a67b013b5d6b,Highly Recommend
b45b8afd-fc89-4b7c-8194-a64b01243b70,Screen Out
cf48bbf2-e9ae-4535-aa2c-a68600c09e7e,Recommend
72db3bd5-084b-46a6-bf4f-a64e00f2d1f0,Recommend with Confidence
96e09762-95a1-49ee-a2fa-a66e017c2d06,Screen Out
4bda6d2c-ed81-4c62-ae23-a570014cd284,Recommend
71a79238-75b2-438d-b64f-a66a010f721f,Recommend
f0524111-fa95-461a-85a6-a68000bde3b3,Recommend
277725da-d666-4f8e-b600-a69200ad286b,Recommend
d83e141d-c91a-4aff-98df-a622001b7258,Highly Recommend
3bc2a5e8-b0da-4e41-94df-a642013c28c5,Recommend
d0cfd6bb-5914-4192-b72f-a4fe00df01a4,Recommend with Reservations
3c28871a-544f-4f41-b781-a3f300c224a9,Recommend with Confidence
6cef5064-4a88-4339-9154-a6270135e62f,Highly Recommend
f429e8ce-57c4-491f-9ffb-a6890121151f,Screen Out
163e92dc-640c-4479-99c3-a67b012266c4,Recommend with Reservations
2f912b90-ef39-4edc-97bb-a617013b6ccd,Recommend
fc234e34-7c50-4a11-8b34-a6a10127cac9,Recommend with Reservations
0d8e98e3-75f4-40d9-9414-a64500ff1536,Highly Recommend
efd5b528-dc22-4c39-ae82-a41600e8c7c0,Recommend
0ddf655f-0db0-4076-b79a-a5f5012b86e2,Recommend with Reservations
7443eddb-630f-4795-8f91-a683002b321d,Recommend
5d6c8fcb-2e93-4697-a8dd-a67900328739,Highly Recommend
58f01800-faef-4f6f-9d5f-a36e000149bc,Highly Recommend
a7b0402b-ea94-4cda-a826-a2d600ba18fc,Recommend with Confidence
cdd11e9c-6ffe-4752-87af-a5640169c4df,Recommend with Reservations
bd8c404c-d9f4-4475-88a5-a69500fa5a98,Highly Recommend
48a81a3f-81f2-4fab-a416-a68000de0ef9,Recommend with Confidence
e0c26614-5d2f-42e1-8d20-a67700e2f8e8,Recommend
a0c5b730-1aa6-4e81-9ee6-a66000af3628,Highly Recommend
79086b2a-24db-4163-a349-a6a001394b2d,Recommend
f072ca9f-3801-4a42-9f97-a2a8016b0145,Recommend
c95db78a-8417-4f7b-853f-a67a015e5aa5,Highly Recommend
6456b6ca-a70f-4353-9968-a36900ee5a33,Recommend with Reservations
bf55591f-dba2-4888-9dca-a60f00ff9d49,Highly Recommend
68913271-4d26-4dc2-90c1-a69200cbbe74,Recommend
43448660-ab4d-4419-bcf2-a67d00a44731,Recommend
56ca42a0-df51-4ecf-ab4d-a66f0187db3d,Recommend
c21de2c0-e1fc-44ee-b2dc-a42f00c4a49e,Recommend with Reservations
44a7bbc3-f38b-4978-be70-a6770119b3cb,Recommend with Reservations
3cf36942-c75c-4327-8bc1-a68400b1ef62,Recommend
38f053e9-92a6-44c9-85de-a69200eb2608,Recommend
1dc0e451-0908-4eaa-828a-a67d00da491b,Recommend
7348d1a7-e312-4cf1-90bd-a39200974df3,Recommend
0098d5c1-0125-4101-9d7e-a4e501487eae,Recommend
91ab5970-e9fa-41d0-a256-a24c0150e898,Highly Recommend
14aceb0a-cf97-44cb-a2f3-a4f1013f920e,Recommend with Confidence
ba9bdf40-3038-41a4-bc7d-a66d00de91c3,Highly Recommend
51afc153-20d0-4e57-bac8-a69600bc9a6d,Highly Recommend
af642b8b-b92b-4b1a-804a-a5fb00d6b60b,Highly Recommend
3c48700d-9d15-4309-a766-a41300d6d427,Recommend with Confidence
5220a196-ecac-44c8-899c-a54600c95f1b,Recommend with Confidence
024d46a8-a636-4fa1-b653-a6770112e57c,Recommend
584b63a0-b087-430c-a3a0-a67f0140f792,Highly Recommend
6f3f6804-463c-44f1-9dd2-a69a01899dc6,Recommend
19ef1e49-80b1-440b-b4d2-a2c700fb771f,Recommend with Reservations
b8052da7-18ca-4381-b066-a5ae0160bcb4,Highly Recommend
88ed7be1-77e4-427a-a116-a673009f81e0,Highly Recommend
87a4efac-c7d8-4b07-85c0-a65700b1abca,Recommend
b310de14-96d7-44a4-a2da-a68000d9249c,Recommend with Reservations
2ac08d65-c57e-4114-93af-a24d00fa5a53,Recommend with Reservations
aa4d4ae5-1a1c-42b2-90aa-a69600a93edb,Recommend with Confidence
90397862-ba63-41c4-9714-a1c401576b25,Recommend
3add0197-b932-454e-aa47-a6100149bb94,Screen Out
d9f465b1-abab-4cb3-b1fa-a69e00fa5a21,Highly Recommend
a96f6645-3218-4004-80ab-a41300a290ed,Recommend
85265fa2-f023-4b69-9a01-a68900b991dd,Screen Out
a12ad8e9-39a0-42d8-80d4-a655009eb752,Recommend with Reservations
facef4b6-ad21-46bc-886b-a68100cac901,Recommend with Reservations
5fe262ac-50eb-454c-853d-a68200dff9fd,Recommend with Confidence
6fdc278f-d3c0-44b4-9aa9-a68600a4563c,Recommend
0b3de8b0-bc31-43e2-b738-a672016e8c23,Highly Recommend
9c531f85-bc07-447c-a3ac-a69400a12883,Screen Out
7500e901-4d7f-4160-aac3-a33000e521b3,Recommend
8130f5f1-14ac-4b70-9fc8-a54c00a608e7,Recommend
ff5403df-ca1d-45a7-86ea-a64c00b41c93,Recommend
b6d2e217-6c37-4002-85b7-a6930146d377,Recommend with Reservations
4e164170-509b-4751-a54e-a673006b6b18,Highly Recommend
62b35a2e-96c5-4d79-8b68-a6900176b556,Recommend with Confidence
6728d4c1-c920-4ee2-b0eb-a51e010deeeb,Recommend
025ded8a-fe25-4bec-92c6-a68100eb74ae,Recommend
9a0db7d8-e150-4fb4-bf61-a69901182700,Recommend
29eb9812-ebb4-46ef-bbd8-a3f601031808,Recommend with Confidence
4fb58e2c-0ecc-48c2-b7f6-a61201508927,Highly Recommend
e4853306-3db6-4999-a08e-a67100c50566,Recommend
524fcb1c-36cb-4bfd-8c78-a68f00a483a0,Screen Out
d295ec92-aedf-4dcd-a31f-a65f00bad0b3,Recommend with Reservations
992bf512-8606-4548-9748-a685014f1cf2,Recommend with Confidence
b07662cc-b71c-4673-8c6b-a69500a603bc,Recommend
6a2290c8-cb7c-4ae1-a4d4-a16300ba141c,Recommend with Reservations
a78d9a75-8bac-4c8c-be33-a1390151151f,Recommend with Reservations
a317fded-e279-49c0-a61a-a62701838995,Recommend with Reservations
480f3a97-0f20-44af-a9dd-a68001101358,Recommend with Confidence
26cc0b79-5530-4dfd-af01-a62f0173b821,Recommend
c4b4c4ce-e36d-4401-a895-a625015cea4b,Highly Recommend
5a2623b6-ad23-40bb-a121-a68000d84026,Recommend
8537fe45-8fea-47b6-bafd-a5a501018d3b,Highly Recommend
992ce6dd-14c2-4b44-8c58-a68e00d4d752,Recommend with Confidence
6f97aa7e-5242-4f75-8872-a510017de403,Recommend
dd0b09af-ed04-4000-9db5-a68800d04aa0,Recommend
6974fcbc-449c-4d88-8b69-a67c01743380,Recommend with Confidence
fbc53c0f-5740-49b6-9c11-a555017d8a45,Recommend with Confidence
716e5d3a-5614-403c-8eb7-a678017e23a9,Highly Recommend
a13af783-5ec7-485d-b071-a6940154e38c,Recommend
cd0bbb74-1057-4b89-b231-a67300ffa4ea,Recommend
df5fd486-02c9-4803-8c02-a68000e87dfb,Highly Recommend
31d9c5ef-0e85-4dca-99f7-a45000e4bdd2,Screen Out
a7ffc01f-2628-45e9-bfdd-a584000a550a,Recommend
a8e1b9c0-fd5a-465a-9660-a61f00b55773,Screen Out
56d7070a-9d95-4762-9437-a570012a12e5,Recommend
1db709e5-f6dc-46dc-bcbe-a60b0030df84,Highly Recommend
7a245432-b15a-4180-9c0a-a3b501260c12,Recommend with Reservations
55eccb82-d043-45aa-89b1-a5f1009c9c17,Screen Out
9a43cef0-e643-4ec8-b478-a67900bfa7d5,Recommend
605b62e4-9c18-4481-aba3-a6780167b273,Recommend with Reservations
01acaef8-0422-4851-b205-a682011cf0e4,Recommend with Confidence
b8440bf4-ef6f-4e8a-bb4e-a68700de22ab,Screen Out
c8105e6e-5514-413a-87b6-a68100aa576e,Highly Recommend
866da4cd-6c79-48a2-b07c-a131012de3a6,Highly Recommend
b8729b0e-ce47-4e84-9e40-a66001123ef7,Recommend with Reservations
6842b3e3-1937-4bd6-a379-a5c600a079e1,Recommend
b5ed26aa-f7f3-4f96-a160-a6330116ba7c,Screen Out
88832759-65fe-4342-9818-a59500a4adb9,Recommend with Reservations
dbd7c9b6-f4da-416a-aab5-a641015cac2a,Recommend
77a66f69-f9da-42d9-ba15-a69800a4fef5,Recommend with Confidence
f765b5d5-dd79-4c29-836e-a523011525bc,Recommend with Reservations
927212df-c35f-4f37-9de6-a699012d0367,Screen Out
e3dc837e-c143-41ee-9929-a43901629fa0,Recommend
7dca49aa-c9f5-4b6a-ac33-a69b00fbb6fb,Recommend
ab180cc5-c88a-4117-8723-a67a013988a5,Recommend with Reservations
acb5beb7-b5a0-4f6e-84f3-a69200b64a86,Recommend with Reservations
fb5aca0d-c363-42e0-bb26-a68300a4936d,Recommend
67667b79-4d58-416e-8720-a6840004008d,Recommend
093fe7b0-7de3-4bb5-b040-a67d010eb627,Recommend with Confidence
1d638dc0-40e3-4a94-ba67-a69900c61430,Recommend with Reservations
2ae6e2b4-5429-44ab-978b-a69700b56125,Recommend with Confidence
e4181726-05a4-4c96-bff7-a2d700b94e7f,Recommend with Reservations
9ab7f072-f00c-4bcd-8c53-a33f001613d3,Highly Recommend
e8fa1db6-cc06-4a68-8134-a50500cee624,Screen Out
84fcb157-8775-4861-a727-a6810153523a,Recommend with Confidence
bc34b351-325b-404c-8cd8-a13b0135f22b,Recommend with Reservations
0c926f26-5f52-43e3-8e7b-a43800819a9b,Recommend with Confidence
580420ab-8e9f-4de9-a5b7-a41900965ec4,Highly Recommend
a5fc99a5-266e-4b64-a32b-a68600a5ebb9,Recommend with Reservations
c40eaf25-273c-41f4-8fe2-a60800900ef7,Recommend with Reservations
66332fad-3070-4da5-bab2-a68101647e47,Highly Recommend
fbb2152f-105f-4ae7-b3f3-a3930088e4bc,Recommend with Confidence
dd5f1ae8-4b83-422d-b9b7-a65901333266,Recommend with Confidence
2d88e08a-6db4-4561-864a-a5cc00b1408b,Recommend
48a62303-aedf-40f1-8dab-a688015aa95a,Screen Out
3e3483af-af32-4a77-90d0-a5b3010c7e0e,Recommend with Confidence
45b6b2c5-164d-40c2-8c6d-a5fb0009e5f2,Recommend
acda97db-669c-43c5-8538-a5ac00d54a1a,Recommend
fd2fe2c6-d9e4-40f2-a7dc-a2d90121a0f4,Recommend with Confidence
13ba9c82-c2b2-4156-8be5-a697012981c9,Recommend
feae9af5-2c3a-46f8-957f-a42600ec1d2e,Screen Out
3a002a92-70ed-41a5-a36d-a68000845a2f,Recommend
9fc6ffd8-d54e-42e4-b746-a69600e1ffba,Recommend with Confidence
b5c863e2-f12e-4094-bbbf-a54900e238ee,Highly Recommend
c6844d80-98d1-4956-848c-a5fc015a05bb,Recommend
5e26dc36-6428-4901-9467-a586010fdd9c,Highly Recommend
5a952af4-e8c7-4bfa-93b8-a6880119ac6e,Recommend with Reservations
d068f614-9de9-4e9d-a7fb-a6940094850c,Screen Out
950b36f3-51c3-438f-9d7b-a6840177b10c,Recommend
291efcdd-1182-4b1c-bb88-a646015ea241,Recommend with Reservations
13abecbf-8105-4917-8004-a6830106f6bb,Recommend with Reservations
a6c8eca1-bda0-47b9-b014-a577011cea7b,Highly Recommend
54aa3c8a-ea1d-4a49-a16d-a57b013b23ee,Recommend
f1506e99-a830-4041-b49b-a5b5010b0bee,Recommend with Reservations
157c637a-5e7b-493f-b224-a69d011e858f,Recommend with Reservations
c197f620-83a0-4436-82cd-a68000f0e7ab,Recommend
c95ea1d2-aeed-4cfd-9f8b-a6410095486e,Recommend
2b098deb-e704-4430-a307-a614008d0000,Highly Recommend
bd97ee98-83a1-44ae-af84-a65d013c75bc,Highly Recommend
6e672256-e517-4b9c-89dc-a5990099a8ce,Recommend with Confidence
3fbce064-f252-4535-a9aa-a628012db89a,Highly Recommend
60519f63-e410-4899-854b-a680010a479d,Highly Recommend
ecf7b26f-d9a6-42fd-bb54-a53a015435da,Recommend with Confidence
a9ba830c-495c-4891-ad45-a67d00909a1a,Recommend with Reservations
b83cd68c-11fa-4bcb-92f7-a68a00c22639,Recommend with Confidence
314509c8-20ad-4adc-a58f-a68601268c84,Highly Recommend
43c67541-fda3-4222-8681-a5fb012eab0a,Recommend
b496eca2-34c3-4e56-bf4b-a6a1016f5867,Recommend with Confidence
0e84fb4f-c539-436a-bfc8-a5cf01288f43,Recommend with Reservations
314db455-d179-4c81-8f1c-a69d013a5f9f,Recommend with Reservations
12ca50bc-feff-42b8-a784-a634011454fd,Highly Recommend
23fc3cdb-07f9-4b1e-90da-a40400f8f815,Recommend with Reservations
b98ce459-38e6-41b9-81ac-a6110167aad6,Recommend
6764d001-1efc-4aae-a46f-a3be00c40e53,Recommend
8e00134d-f139-42f6-870d-a68800a9aa7f,Recommend
064ada2e-fff8-45b3-9446-a60a00a34475,Recommend with Reservations
7ab248a3-61de-431a-94e8-a61200c0aaa0,Highly Recommend
41d05c93-b43d-424f-af29-a56800049b47,Recommend
fc05a39d-e74b-4192-8f4e-a65f00f53647,Highly Recommend
42c96b3d-4786-42ea-934d-a66601213fc4,Recommend
fc81b557-67f4-4d09-a2d5-a69301452279,Recommend with Confidence
72e659b1-67ef-463c-8b4f-a66c0139ab48,Recommend with Confidence
4c3b7baa-eb71-4668-8055-a68e0174d7c2,Recommend
30b1d76f-7490-4bfc-a6ea-a67801377493,Recommend with Confidence
1449eeec-d4ec-4e0f-9bd2-a695017514ad,Recommend
a646b5ca-af6a-4cf7-ab7c-a67c00beb1ba,Screen Out
6c052c8f-3dd2-41d3-869e-a66700b38784,Recommend with Confidence
ee9441b4-10c0-4b18-bb29-a643009ebfa9,Highly Recommend
0aae9a32-188d-4623-9d21-a6870116b470,Recommend with Confidence
e4fc5dc0-8e80-44e8-a902-a67200e397b9,Highly Recommend
06fd6cac-4483-42ea-82c9-a4fa00f10fdf,Recommend with Reservations
a28f247b-164f-41d6-9178-a4c000ce39e0,Recommend with Reservations
bb427997-ee7d-4a12-9897-a511009bcc49,Recommend
35394868-265c-4cca-b8c6-a68001264594,Highly Recommend
e15af70c-c644-4105-91c0-a551010b091e,Recommend
f8500458-bdc2-4e31-8cd8-a68201482560,Recommend
1a3f5ce9-4791-4fed-9a41-a66401616d9c,Recommend with Confidence
83ae87a3-3278-4163-b0de-a69b00a56d24,Recommend with Reservations
4dea1850-219a-4af0-b4ba-a63a008c4c04,Recommend with Confidence
7446e332-878f-40ab-8c4f-a5e301607246,Recommend
87af9c22-8ad8-4276-9b70-a6820146b0ff,Highly Recommend
a302cc47-5b64-4b9e-84d0-a69200ca02ca,Recommend with Reservations
d5153ba5-676b-48ed-9242-a600010be923,Recommend
52b85850-0394-4217-bd1a-a6800122c644,Highly Recommend
33089787-5938-4284-8eba-a69701485d91,Recommend with Reservations
e8747db4-b36e-4f88-a239-a690012a33ae,Recommend with Reservations
a7e27127-91c4-4683-b6f0-a57600a86be5,Recommend
b5eed4ba-dac3-4371-97bb-a56600c7dc65,Screen Out
5ae2719c-5f2d-4b65-8efc-a54001373d33,Recommend with Reservations
34b23a87-90e9-4e50-b03c-a69600e4e1ec,Recommend with Reservations
36104cfb-93a7-4645-904a-a693001d7697,Recommend
902e4cec-7226-4632-b03d-a69601198d75,Highly Recommend
de31c562-23a1-48fa-bff0-a68f00adf951,Recommend
7750d85e-f188-4320-ad99-a6390008d099,Recommend
034ad83e-fee7-4661-b0c2-a4a500d34073,Recommend with Confidence
97bcebc3-f3a1-42d1-93d3-a68e00fd4081,Recommend
0e94c05e-05d3-47c5-b408-a68000ce8df3,Highly Recommend
9d156354-d152-4cf8-a2a8-a0c2012a0441,Recommend
abdf65b8-116b-4f62-8820-a569015e38e9,Recommend
1ef9e5e6-06dd-4918-a413-a54700cfc243,Recommend
a803f516-ee2e-4838-b86c-a0c30032531c,Recommend with Reservations
3337aadd-2258-4b0c-b4d3-a668015e257c,Recommend with Confidence
4f2d5b26-394e-493f-898c-a24200a1a504,Recommend with Reservations
9fe33cd2-f4f3-4f8c-8eac-a68300d60ddf,Recommend
103608f8-042f-4aeb-aa05-a60201337383,Recommend
1316d2e1-eb0a-430f-b24f-a5fc00ac6337,Screen Out
da0fb015-a0f4-44e7-8dd2-a680012362c3,Recommend with Confidence
5272c443-d1c7-4cfe-b561-a5d9014fe1be,Highly Recommend
8897605f-d16b-46ef-a706-a69600ba4ed2,Recommend with Reservations
8bd01521-e526-4c2a-8abe-a66600d292ea,Recommend
e6de0aba-99f2-4823-a310-a68300c6da51,Recommend with Reservations
ba030184-61bb-45af-95f6-a63a009505ef,Recommend with Confidence
e0c57df3-7277-4e01-b235-a53600ca931a,Recommend
6b6a0abe-1c29-46c9-8177-a66c00820f31,Recommend
67230519-6085-4bf4-9366-a67f00b88a6d,Recommend with Confidence
a5c842d1-b4d7-476c-bd4c-a5dc0121c01b,Recommend with Reservations
cba88ba4-65ff-484e-8476-a54f01562d73,Screen Out
5e9c627e-6dfd-485f-96b5-a5f400c91309,Recommend
7cdb65bf-e38a-4094-b0c1-a25601757253,Recommend with Reservations
637075ff-82af-4b0f-9e3f-a5ec00c411d9,Recommend with Confidence
07dc0fef-1e15-42dc-93cc-a66500f28be2,Recommend
d153307a-36de-45df-b86a-a6850068132d,Recommend
734872b5-cecd-4cc5-bce7-a5f60157f860,Recommend
57c98ada-824f-445c-93c3-a66c00bbe1dd,Recommend with Confidence
55647213-459a-4f96-ada9-a69400d8e09c,Screen Out
2e417df5-5c02-4dbe-84e0-a67b00e6b2a3,Screen Out
e55db681-1cde-4f8d-94e4-a1d300d44625,Recommend
eff0f0cc-d974-457c-b7ca-a59100cdc6a1,Recommend
cb87bec8-a9fd-4965-abc0-a6870180de57,Recommend
0db36a91-aab0-428c-a700-a3ee00fe88f9,Screen Out
691f2470-6c2c-4b22-8fed-a68001292b30,Recommend
8928b83c-8618-4355-b499-a67a010c21ab,Recommend with Reservations
51f1162e-7eef-4ab4-845b-a611013280e8,Highly Recommend
8197909c-0442-4823-9a3c-a0d800c893a4,Highly Recommend
35fa3efe-fb4b-450e-b677-a69500ab8acb,Recommend
0bedc53c-0fba-4265-8214-a69300c4ccc1,Recommend with Confidence
54075271-2162-4dd1-a83e-a687013ce120,Recommend with Reservations
54f9fa54-8b0d-4288-a784-a5a000c76329,Recommend
893b463d-b407-4b45-ab7e-a38e014e229a,Highly Recommend
70638d38-e813-4cf0-8a25-a699016c27c3,Recommend
82ea0108-4eba-4ff8-a2d4-a69f01205f50,Recommend with Confidence
2331f363-e2ed-4b3a-afa6-a45300ca9722,Recommend with Reservations
d9330618-8896-4d9b-8f4d-a67800e27808,Recommend
45ac802a-e7c4-498e-b0c2-a44200f4d3f7,Highly Recommend
b4553dfc-d0ee-46b5-b3dd-a6920154c86c,Recommend
bbe8e31f-df71-4148-9a85-a5ca00c68595,Highly Recommend
a9f347c6-b990-4f92-97b6-a5630138f078,Recommend
c5fd3171-ba2c-43a7-ac61-a41f00fc1acb,Screen Out
28744659-ccfa-4e2a-b052-a69200d8b8c9,Recommend
78ea9adf-695d-45ca-84a3-a68700a367e5,Screen Out
e4a2b4f7-949b-40ff-9942-a2f101026847,Recommend
056765c2-4a8a-4d24-b752-a5e200a5963a,Highly Recommend
3e57bbae-a5d5-41ad-aecf-a5ce01515dd2,Highly Recommend
4b12003c-6158-4a14-ba86-a67a0118431a,Recommend with Reservations
56ec96dc-b9dc-49be-8b37-a69e00a2f40c,Recommend with Confidence
2383cca6-7c9d-4c25-8bb2-a63b0147c13f,Recommend
66fb6722-d9fc-411d-8753-a66000ed0b6b,Recommend with Confidence
975e26fd-6589-47bc-841c-a685011d7e3b,Recommend
4954cfb1-405e-4856-9af5-a68e0121054b,Recommend with Reservations
f66ee040-7722-41ea-a56f-a61400a48a35,Recommend
0ee72b2c-a771-44ba-97f8-a60201560cf3,Screen Out
fb5e8818-b1d2-4148-9d9a-a59300c00052,Recommend with Confidence
21676093-1be5-4780-b5ab-a68d008ac40c,Recommend with Reservations
e97ae324-b66c-4e72-9f9c-a69000031553,Recommend
06f42da7-a7d7-4e72-935d-a68a010d8e54,Recommend
46cbb3f5-d9b2-4e37-8339-a679009e57a4,Recommend
1b66a5a6-7a75-4e86-9c34-a68401029a85,Recommend
97c3b1bc-93c5-4be0-bc51-a61e000d98fb,Recommend with Confidence
cbdaeb14-2654-4198-aa95-a697012a72f7,Highly Recommend
87b9b2ac-79c8-4e8c-b43e-a68b00fa24ca,Recommend with Reservations
b526360e-94fc-4b35-a16f-a28f0104bedf,Recommend with Reservations
59f7666a-9ddc-47c2-933f-a690016f1943,Screen Out
45b6155d-fc0f-4152-9f98-a524009a739c,Recommend with Confidence
8edd212a-896a-48d2-b097-a68300fcf006,Highly Recommend
8a971580-760f-44c5-a54d-a66600eec76d,Recommend
fdae5d4d-aaea-4da5-9e4d-a5dd015ff31a,Recommend
01af6729-b51f-465b-a993-a5f10022f7f1,Recommend with Reservations
a464a963-e4ee-4ab1-90e9-a68300cde1d8,Recommend with Reservations
,
