Subject Area,Subject Group
Special Education,Special Education
Special Education - Social Studies,Special Education
Special Education - English,English
Special Education - Bilingual,Bilingual
Bilingual Education,Bilingual
Biology,Science
Biology Immersion,Science
Chemistry,Science
Chemistry Immersion,Science
Physics,Science
Earth Science,Science
Mathematics,Math
Math Immersion,Math
Special Education - Moderate/Severe (1-6),D75
Special Education - Moderate/Severe (7-12),D75
Spanish,Spanish
English,English
English as a Second Language ,ENL
